'259','Canon','Canon EOS-1D X','FullFrame',\N,\N
'260','Canon','Canon EOS 5D','FullFrame',\N,\N
'261','Canon','Canon EOS 5D Mark II','FullFrame',\N,\N
'262','Canon','Canon EOS 5D Mark III','FullFrame','Canon EOS 5D Mark III','<a target="_blank" href="http://www.amazon.com/gp/product/B007FGYZFI/ref=as_li_ss_il?ie=UTF8&camp=1789&creative=390957&creativeASIN=B007FGYZFI&linkCode=as2&tag=michalography-20"><img border="0" src="http://ws-na.amazon-adsystem.com/widgets/q?_encoding=UTF8&ASIN=B007FGYZFI&Format=_SL110_&ID=AsinImage&MarketPlace=US&ServiceVersion=20070822&WS=1&tag=michalography-20"/></a><img src="http://ir-na.amazon-adsystem.com/e/ir?t=michalography-20&l=as2&o=1&a=B007FGYZFI" width="1" height="1" border="0" alt="" style="border:none !important; margin:0px !important;" />'
'263','Canon','Canon EOS 6D','FullFrame','Canon EOS 6D','<a target="_blank" href="http://www.amazon.com/gp/product/B009B0MZ8U/ref=as_li_ss_il?ie=UTF8&camp=1789&creative=390957&creativeASIN=B009B0MZ8U&linkCode=as2&tag=michalography-20"><img border="0" src="http://ws-na.amazon-adsystem.com/widgets/q?_encoding=UTF8&ASIN=B009B0MZ8U&Format=_SL110_&ID=AsinImage&MarketPlace=US&ServiceVersion=20070822&WS=1&tag=michalography-20"/></a><img src="http://ir-na.amazon-adsystem.com/e/ir?t=michalography-20&l=as2&o=1&a=B009B0MZ8U" width="1" height="1" border="0" alt="" style="border:none !important; margin:0px !important;" />'
'264','Canon','Canon EOS-1Ds Mark II','FullFrame',\N,\N
'265','Canon','Canon EOS-1Ds Mark III','FullFrame',\N,\N
'266','Canon','Canon EOS-1D Mark II','APSH',\N,\N
'267','Canon','Canon EOS-1D Mark III','APSH',\N,\N
'268','Canon','Canon EOS-1D Mark IV','APSH',\N,\N
'269','Canon','Canon EOS 100D','APSC',\N,\N
'270','Canon','Canon EOS 7D','APSC',\N,\N
'271','Canon','Canon EOS 10D','APSC',\N,\N
'272','Canon','Canon EOS 20D','APSC',\N,\N
'273','Canon','Canon EOS 30D','APSC',\N,\N
'274','Canon','Canon EOS 40D','APSC',\N,\N
'275','Canon','Canon EOS 50D','APSC',\N,\N
'276','Canon','Canon EOS 60D','APSC','Canon EOS 60D','<a target="_blank" href="http://www.amazon.com/gp/product/B0040JHVCC/ref=as_li_ss_il?ie=UTF8&camp=1789&creative=390957&creativeASIN=B0040JHVCC&linkCode=as2&tag=michalography-20"><img border="0" src="http://ws-na.amazon-adsystem.com/widgets/q?_encoding=UTF8&ASIN=B0040JHVCC&Format=_SL110_&ID=AsinImage&MarketPlace=US&ServiceVersion=20070822&WS=1&tag=michalography-20"/></a><img src="http://ir-na.amazon-adsystem.com/e/ir?t=michalography-20&l=as2&o=1&a=B0040JHVCC" width="1" height="1" border="0" alt="" style="border:none !important; margin:0px !important;" />'
'277','Canon','Canon EOS 70D','APSC','Canon EOS 70D','<a target="_blank" href="http://www.amazon.com/gp/product/B00DMS0GTC/ref=as_li_ss_il?ie=UTF8&camp=1789&creative=390957&creativeASIN=B00DMS0GTC&linkCode=as2&tag=michalography-20"><img border="0" src="http://ws-na.amazon-adsystem.com/widgets/q?_encoding=UTF8&ASIN=B00DMS0GTC&Format=_SL110_&ID=AsinImage&MarketPlace=US&ServiceVersion=20070822&WS=1&tag=michalography-20"/></a><img src="http://ir-na.amazon-adsystem.com/e/ir?t=michalography-20&l=as2&o=1&a=B00DMS0GTC" width="1" height="1" border="0" alt="" style="border:none !important; margin:0px !important;" />'
'278','Canon','Canon EOS REBEL SL1','APSC','Canon EOS Rebel SL1','<a target="_blank" href="http://www.amazon.com/gp/product/B00BW6LY2Y/ref=as_li_ss_il?ie=UTF8&camp=1789&creative=390957&creativeASIN=B00BW6LY2Y&linkCode=as2&tag=michalography-20"><img border="0" src="http://ws-na.amazon-adsystem.com/widgets/q?_encoding=UTF8&ASIN=B00BW6LY2Y&Format=_SL110_&ID=AsinImage&MarketPlace=US&ServiceVersion=20070822&WS=1&tag=michalography-20"/></a><img src="http://ir-na.amazon-adsystem.com/e/ir?t=michalography-20&l=as2&o=1&a=B00BW6LY2Y" width="1" height="1" border="0" alt="" style="border:none !important; margin:0px !important;" />'
'279','Canon','Canon EOS Kiss X2','APSC',\N,\N
'280','Canon','Canon EOS Kiss X4','APSC',\N,\N
'281','Canon','Canon EOS DIGITAL REBEL','APSC',\N,\N
'282','Canon','Canon EOS Kiss Digital X','APSC',\N,\N
'283','Canon','Canon EOS DIGITAL REBEL XT','APSC',\N,\N
'284','Canon','Canon EOS DIGITAL REBEL XTi','APSC',\N,\N
'285','Canon','Canon EOS DIGITAL REBEL XSi','APSC',\N,\N
'286','Canon','Canon EOS DIGITAL REBEL XS','APSC',\N,\N
'287','Canon','Canon EOS REBEL T5i','APSC','Canon EOS Rebel T5i','<a target="_blank" href="http://www.amazon.com/gp/product/B00BW6LWO4/ref=as_li_ss_il?ie=UTF8&camp=1789&creative=390957&creativeASIN=B00BW6LWO4&linkCode=as2&tag=michalography-20"><img border="0" src="http://ws-na.amazon-adsystem.com/widgets/q?_encoding=UTF8&ASIN=B00BW6LWO4&Format=_SL110_&ID=AsinImage&MarketPlace=US&ServiceVersion=20070822&WS=1&tag=michalography-20"/></a><img src="http://ir-na.amazon-adsystem.com/e/ir?t=michalography-20&l=as2&o=1&a=B00BW6LWO4" width="1" height="1" border="0" alt="" style="border:none !important; margin:0px !important;" />'
'288','Canon','Canon EOS REBEL T4i','APSC','Canon EOS Rebel T4i','<a target="_blank" href="http://www.amazon.com/gp/product/B00894YWD0/ref=as_li_ss_il?ie=UTF8&camp=1789&creative=390957&creativeASIN=B00894YWD0&linkCode=as2&tag=michalography-20"><img border="0" src="http://ws-na.amazon-adsystem.com/widgets/q?_encoding=UTF8&ASIN=B00894YWD0&Format=_SL110_&ID=AsinImage&MarketPlace=US&ServiceVersion=20070822&WS=1&tag=michalography-20"/></a><img src="http://ir-na.amazon-adsystem.com/e/ir?t=michalography-20&l=as2&o=1&a=B00894YWD0" width="1" height="1" border="0" alt="" style="border:none !important; margin:0px !important;" />'
'289','Canon','Canon EOS REBEL T3','APSC','Canon EOS Rebel T3','<a target="_blank" href="http://www.amazon.com/gp/product/B004J3Y9U6/ref=as_li_ss_il?ie=UTF8&camp=1789&creative=390957&creativeASIN=B004J3Y9U6&linkCode=as2&tag=michalography-20"><img border="0" src="http://ws-na.amazon-adsystem.com/widgets/q?_encoding=UTF8&ASIN=B004J3Y9U6&Format=_SL110_&ID=AsinImage&MarketPlace=US&ServiceVersion=20070822&WS=1&tag=michalography-20"/></a><img src="http://ir-na.amazon-adsystem.com/e/ir?t=michalography-20&l=as2&o=1&a=B004J3Y9U6" width="1" height="1" border="0" alt="" style="border:none !important; margin:0px !important;" />'
'290','Canon','Canon EOS REBEL T3i','APSC','Canon EOS Rebel T3i','<a target="_blank" href="http://www.amazon.com/gp/product/B004J3V90Y/ref=as_li_ss_il?ie=UTF8&camp=1789&creative=390957&creativeASIN=B004J3V90Y&linkCode=as2&tag=michalography-20"><img border="0" src="http://ws-na.amazon-adsystem.com/widgets/q?_encoding=UTF8&ASIN=B004J3V90Y&Format=_SL110_&ID=AsinImage&MarketPlace=US&ServiceVersion=20070822&WS=1&tag=michalography-20"/></a><img src="http://ir-na.amazon-adsystem.com/e/ir?t=michalography-20&l=as2&o=1&a=B004J3V90Y" width="1" height="1" border="0" alt="" style="border:none !important; margin:0px !important;" />'
'291','Canon','Canon EOS REBEL T2i','APSC',\N,\N
'292','Canon','Canon EOS REBEL T1i','APSC',\N,\N
'293','Canon','Canon EOS 300D DIGITAL','APSC',\N,\N
'294','Canon','Canon EOS 350D DIGITAL','APSC',\N,\N
'295','Canon','Canon EOS 400D DIGITAL','APSC',\N,\N
'296','Canon','Canon EOS 450D','APSC',\N,\N
'297','Canon','Canon EOS 500D','APSC',\N,\N
'298','Canon','Canon EOS 550D','APSC',\N,\N
'299','Canon','Canon EOS 600D','APSC',\N,\N
'300','Canon','Canon EOS 650D','APSC',\N,\N
'301','Canon','Canon EOS 700D','APSC',\N,\N
'302','Canon','Canon EOS 1000D','APSC',\N,\N
'303','Canon','Canon EOS 1100D','APSC','Canon EOS Rebel T3','<a target="_blank" href="http://www.amazon.com/gp/product/B004J3Y9U6/ref=as_li_ss_il?ie=UTF8&camp=1789&creative=390957&creativeASIN=B004J3Y9U6&linkCode=as2&tag=michalography-20"><img border="0" src="http://ws-na.amazon-adsystem.com/widgets/q?_encoding=UTF8&ASIN=B004J3Y9U6&Format=_SL110_&ID=AsinImage&MarketPlace=US&ServiceVersion=20070822&WS=1&tag=michalography-20"/></a><img src="http://ir-na.amazon-adsystem.com/e/ir?t=michalography-20&l=as2&o=1&a=B004J3Y9U6" width="1" height="1" border="0" alt="" style="border:none !important; margin:0px !important;" />'
'304','Canon','Canon EOS M','APSC',\N,\N
'305','Canon','Canon PowerShot G1X','APSC','Canon PowerShot G1 X','<a target="_blank" href="http://www.amazon.com/gp/product/B006UMM2BW/ref=as_li_ss_il?ie=UTF8&camp=1789&creative=390957&creativeASIN=B006UMM2BW&linkCode=as2&tag=michalography-20"><img border="0" src="http://ws-na.amazon-adsystem.com/widgets/q?_encoding=UTF8&ASIN=B006UMM2BW&Format=_SL110_&ID=AsinImage&MarketPlace=US&ServiceVersion=20070822&WS=1&tag=michalography-20"/></a><img src="http://ir-na.amazon-adsystem.com/e/ir?t=michalography-20&l=as2&o=1&a=B006UMM2BW" width="1" height="1" border="0" alt="" style="border:none !important; margin:0px !important;" />'
'306','Canon','Canon PowerShot G2','Compact',\N,\N
'307','Canon','Canon PowerShot G9','Compact',\N,\N
'308','Canon','Canon PowerShot G10','Compact',\N,\N
'309','Canon','Canon PowerShot G11','Compact',\N,\N
'310','Canon','Canon PowerShot G12','Compact','Canon PowerShot G15','<a target="_blank" href="http://www.amazon.com/gp/product/B009B0MY6S/ref=as_li_ss_il?ie=UTF8&camp=1789&creative=390957&creativeASIN=B009B0MY6S&linkCode=as2&tag=michalography-20"><img border="0" src="http://ws-na.amazon-adsystem.com/widgets/q?_encoding=UTF8&ASIN=B009B0MY6S&Format=_SL110_&ID=AsinImage&MarketPlace=US&ServiceVersion=20070822&WS=1&tag=michalography-20"/></a><img src="http://ir-na.amazon-adsystem.com/e/ir?t=michalography-20&l=as2&o=1&a=B009B0MY6S" width="1" height="1" border="0" alt="" style="border:none !important; margin:0px !important;" />'
'311','Canon','Canon PowerShot G15','Compact',\N,\N
'312','Canon','Canon PowerShot G16','Compact','Canon PowerShot G16','<a target="_blank" href="http://www.amazon.com/gp/product/B00EFILHB4/ref=as_li_ss_il?ie=UTF8&camp=1789&creative=390957&creativeASIN=B00EFILHB4&linkCode=as2&tag=michalography-20"><img border="0" src="http://ws-na.amazon-adsystem.com/widgets/q?_encoding=UTF8&ASIN=B00EFILHB4&Format=_SL110_&ID=AsinImage&MarketPlace=US&ServiceVersion=20070822&WS=1&tag=michalography-20"/></a><img src="http://ir-na.amazon-adsystem.com/e/ir?t=michalography-20&l=as2&o=1&a=B00EFILHB4" width="1" height="1" border="0" alt="" style="border:none !important; margin:0px !important;" />'
'313','Canon','Canon PowerShot S90','Compact',\N,\N
'314','Canon','Canon PowerShot S95','Compact',\N,\N
'315','Canon','Canon PowerShot S100','Compact',\N,\N
'316','Canon','Canon PowerShot S110','Compact','Canon PowerShot S110','<a target="_blank" href="http://www.amazon.com/gp/product/B009B0MYSQ/ref=as_li_ss_il?ie=UTF8&camp=1789&creative=390957&creativeASIN=B009B0MYSQ&linkCode=as2&tag=michalography-20"><img border="0" src="http://ws-na.amazon-adsystem.com/widgets/q?_encoding=UTF8&ASIN=B009B0MYSQ&Format=_SL110_&ID=AsinImage&MarketPlace=US&ServiceVersion=20070822&WS=1&tag=michalography-20"/></a><img src="http://ir-na.amazon-adsystem.com/e/ir?t=michalography-20&l=as2&o=1&a=B009B0MYSQ" width="1" height="1" border="0" alt="" style="border:none !important; margin:0px !important;" />'
'317','Canon','Canon PowerShot S120','Compact','Canon PowerShot S120','<a target="_blank" href="http://www.amazon.com/gp/product/B00EFILNV8/ref=as_li_ss_il?ie=UTF8&camp=1789&creative=390957&creativeASIN=B00EFILNV8&linkCode=as2&tag=michalography-20"><img border="0" src="http://ws-na.amazon-adsystem.com/widgets/q?_encoding=UTF8&ASIN=B00EFILNV8&Format=_SL110_&ID=AsinImage&MarketPlace=US&ServiceVersion=20070822&WS=1&tag=michalography-20"/></a><img src="http://ir-na.amazon-adsystem.com/e/ir?t=michalography-20&l=as2&o=1&a=B00EFILNV8" width="1" height="1" border="0" alt="" style="border:none !important; margin:0px !important;" />'
'318','Canon','Canon DIGITAL IXUS 95 IS','Compact',\N,\N
'319','Canon','Canon IXUS 115 HS','Compact',\N,\N
'320','Canon','Canon DIGITAL IXUS 800 IS','Compact',\N,\N
'321','Canon','Canon PowerShot SD770 IS','Compact',\N,\N
'322','Canon','Canon PowerShot SD940 IS','Compact',\N,\N
'323','Canon','Canon PowerShot SX30 IS','Compact',\N,\N
'324','Canon','Canon PowerShot SX230 HS','Compact',\N,\N
'325','Canon','Canon PowerShot SD800 IS','Compact',\N,\N
'326','Canon','Canon PowerShot SD880 IS','Compact',\N,\N
'327','Canon','Canon PowerShot SX50 HS','Compact',\N,\N
'328','Canon','Canon PowerShot SX150 IS','Compact',\N,\N
'329','Canon','Canon PowerShot SX40 HS','Compact',\N,\N
'330','Canon','Canon PowerShot SX200 IS','Compact',\N,\N
'331','Canon','Canon PowerShot A720 IS','Compact',\N,\N
'332','Canon','Canon PowerShot SX500 IS','Compact',\N,\N
'333','Canon','Canon PowerShot SX260 HS','Compact',\N,\N
'334','Canon','Canon PowerShot S2 IS','Compact',\N,\N
'335','Canon','Canon PowerShot A650 IS','Compact',\N,\N
'336','Canon','Canon PowerShot A490','Compact',\N,\N
'337','Canon','Canon PowerShot A1200','Compact',\N,\N
'338','Canon','Canon PowerShot A2000 IS','Compact',\N,\N
'339','Canon','Canon PowerShot SX240 HS','Compact',\N,\N
'340','Canon','Canon PowerShot A570 IS','Compact',\N,\N
'341','Canon','Canon IXUS 500 HS','Compact',\N,\N
'342','Canon','Canon PowerShot SD550','Compact',\N,\N
'343','Canon','Canon PowerShot A550','Compact',\N,\N
'344','Nikon','NIKON D800','FullFrame','Nikon D800','<a target="_blank" href="http://www.amazon.com/gp/product/B0076AYNXM/ref=as_li_ss_il?ie=UTF8&camp=1789&creative=390957&creativeASIN=B0076AYNXM&linkCode=as2&tag=michalography-20"><img border="0" src="http://ws-na.amazon-adsystem.com/widgets/q?_encoding=UTF8&ASIN=B0076AYNXM&Format=_SL110_&ID=AsinImage&MarketPlace=US&ServiceVersion=20070822&WS=1&tag=michalography-20"/></a><img src="http://ir-na.amazon-adsystem.com/e/ir?t=michalography-20&l=as2&o=1&a=B0076AYNXM" width="1" height="1" border="0" alt="" style="border:none !important; margin:0px !important;" />'
'345','Nikon','NIKON D800E','FullFrame','Nikon D800E','<a target="_blank" href="http://www.amazon.com/gp/product/B005OL2ID2/ref=as_li_ss_il?ie=UTF8&camp=1789&creative=390957&creativeASIN=B005OL2ID2&linkCode=as2&tag=michalography-20"><img border="0" src="http://ws-na.amazon-adsystem.com/widgets/q?_encoding=UTF8&ASIN=B005OL2ID2&Format=_SL110_&ID=AsinImage&MarketPlace=US&ServiceVersion=20070822&WS=1&tag=michalography-20"/></a><img src="http://ir-na.amazon-adsystem.com/e/ir?t=michalography-20&l=as2&o=1&a=B005OL2ID2" width="1" height="1" border="0" alt="" style="border:none !important; margin:0px !important;" />'
'346','Nikon','NIKON D700','FullFrame',\N,\N
'347','Nikon','NIKON D600','FullFrame','Nikon D600','<a target="_blank" href="http://www.amazon.com/gp/product/B0099XGZXA/ref=as_li_ss_il?ie=UTF8&camp=1789&creative=390957&creativeASIN=B0099XGZXA&linkCode=as2&tag=michalography-20"><img border="0" src="http://ws-na.amazon-adsystem.com/widgets/q?_encoding=UTF8&ASIN=B0099XGZXA&Format=_SL110_&ID=AsinImage&MarketPlace=US&ServiceVersion=20070822&WS=1&tag=michalography-20"/></a><img src="http://ir-na.amazon-adsystem.com/e/ir?t=michalography-20&l=as2&o=1&a=B0099XGZXA" width="1" height="1" border="0" alt="" style="border:none !important; margin:0px !important;" />'
'348','Nikon','NIKON D4','FullFrame',\N,\N
'349','Nikon','NIKON D3','FullFrame',\N,\N
'350','Nikon','NIKON D3S','FullFrame',\N,\N
'351','Nikon','NIKON D3X','FullFrame',\N,\N
'352','Nikon','NIKON D2','APSC',\N,\N
'353','Nikon','NIKON D2H','APSC',\N,\N
'354','Nikon','NIKON D2HS','APSC',\N,\N
'355','Nikon','NIKON D2X','APSC',\N,\N
'356','Nikon','NIKON D2XS','APSC',\N,\N
'357','Nikon','NIKON D1','APSC',\N,\N
'358','Nikon','NIKON D1X','APSC',\N,\N
'359','Nikon','NIKON D1H','APSC',\N,\N
'360','Nikon','NIKON D3000','APSC','Nikon D3000','<a target="_blank" href="http://www.amazon.com/gp/product/B002JCSV5I/ref=as_li_ss_il?ie=UTF8&camp=1789&creative=390957&creativeASIN=B002JCSV5I&linkCode=as2&tag=michalography-20"><img border="0" src="http://ws-na.amazon-adsystem.com/widgets/q?_encoding=UTF8&ASIN=B002JCSV5I&Format=_SL110_&ID=AsinImage&MarketPlace=US&ServiceVersion=20070822&WS=1&tag=michalography-20"/></a><img src="http://ir-na.amazon-adsystem.com/e/ir?t=michalography-20&l=as2&o=1&a=B002JCSV5I" width="1" height="1" border="0" alt="" style="border:none !important; margin:0px !important;" />'
'361','Nikon','NIKON D3100','APSC','Nikon D3100','<a target="_blank" href="http://www.amazon.com/gp/product/B003ZYF3LO/ref=as_li_ss_il?ie=UTF8&camp=1789&creative=390957&creativeASIN=B003ZYF3LO&linkCode=as2&tag=michalography-20"><img border="0" src="http://ws-na.amazon-adsystem.com/widgets/q?_encoding=UTF8&ASIN=B003ZYF3LO&Format=_SL110_&ID=AsinImage&MarketPlace=US&ServiceVersion=20070822&WS=1&tag=michalography-20"/></a><img src="http://ir-na.amazon-adsystem.com/e/ir?t=michalography-20&l=as2&o=1&a=B003ZYF3LO" width="1" height="1" border="0" alt="" style="border:none !important; margin:0px !important;" />'
'362','Nikon','NIKON D3200','APSC','Nikon D3200','<a target="_blank" href="http://www.amazon.com/gp/product/B007VGGFZU/ref=as_li_ss_il?ie=UTF8&camp=1789&creative=390957&creativeASIN=B007VGGFZU&linkCode=as2&tag=michalography-20"><img border="0" src="http://ws-na.amazon-adsystem.com/widgets/q?_encoding=UTF8&ASIN=B007VGGFZU&Format=_SL110_&ID=AsinImage&MarketPlace=US&ServiceVersion=20070822&WS=1&tag=michalography-20"/></a><img src="http://ir-na.amazon-adsystem.com/e/ir?t=michalography-20&l=as2&o=1&a=B007VGGFZU" width="1" height="1" border="0" alt="" style="border:none !important; margin:0px !important;" />'
'363','Nikon','NIKON D5000','APSC','Nikon D5000','<a target="_blank" href="http://www.amazon.com/gp/product/B00267S7TQ/ref=as_li_ss_il?ie=UTF8&camp=1789&creative=390957&creativeASIN=B00267S7TQ&linkCode=as2&tag=michalography-20"><img border="0" src="http://ws-na.amazon-adsystem.com/widgets/q?_encoding=UTF8&ASIN=B00267S7TQ&Format=_SL110_&ID=AsinImage&MarketPlace=US&ServiceVersion=20070822&WS=1&tag=michalography-20"/></a><img src="http://ir-na.amazon-adsystem.com/e/ir?t=michalography-20&l=as2&o=1&a=B00267S7TQ" width="1" height="1" border="0" alt="" style="border:none !important; margin:0px !important;" />'
'364','Nikon','NIKON D5100','APSC','Nikon D5100','<a target="_blank" href="http://www.amazon.com/gp/product/B004V4IWKG/ref=as_li_ss_il?ie=UTF8&camp=1789&creative=390957&creativeASIN=B004V4IWKG&linkCode=as2&tag=michalography-20"><img border="0" src="http://ws-na.amazon-adsystem.com/widgets/q?_encoding=UTF8&ASIN=B004V4IWKG&Format=_SL110_&ID=AsinImage&MarketPlace=US&ServiceVersion=20070822&WS=1&tag=michalography-20"/></a><img src="http://ir-na.amazon-adsystem.com/e/ir?t=michalography-20&l=as2&o=1&a=B004V4IWKG" width="1" height="1" border="0" alt="" style="border:none !important; margin:0px !important;" />'
'365','Nikon','NIKON D5200','APSC','Nikon D5200','<a target="_blank" href="http://www.amazon.com/gp/product/B00AXTQR5U/ref=as_li_ss_il?ie=UTF8&camp=1789&creative=390957&creativeASIN=B00AXTQR5U&linkCode=as2&tag=michalography-20"><img border="0" src="http://ws-na.amazon-adsystem.com/widgets/q?_encoding=UTF8&ASIN=B00AXTQR5U&Format=_SL110_&ID=AsinImage&MarketPlace=US&ServiceVersion=20070822&WS=1&tag=michalography-20"/></a><img src="http://ir-na.amazon-adsystem.com/e/ir?t=michalography-20&l=as2&o=1&a=B00AXTQR5U" width="1" height="1" border="0" alt="" style="border:none !important; margin:0px !important;" />'
'366','Nikon','NIKON D7000','APSC','Nikon D7000','<a target="_blank" href="http://www.amazon.com/gp/product/B0042X9LC4/ref=as_li_ss_il?ie=UTF8&camp=1789&creative=390957&creativeASIN=B0042X9LC4&linkCode=as2&tag=michalography-20"><img border="0" src="http://ws-na.amazon-adsystem.com/widgets/q?_encoding=UTF8&ASIN=B0042X9LC4&Format=_SL110_&ID=AsinImage&MarketPlace=US&ServiceVersion=20070822&WS=1&tag=michalography-20"/></a><img src="http://ir-na.amazon-adsystem.com/e/ir?t=michalography-20&l=as2&o=1&a=B0042X9LC4" width="1" height="1" border="0" alt="" style="border:none !important; margin:0px !important;" />'
'367','Nikon','NIKON D7100','APSC','Nikon D7100','<a target="_blank" href="http://www.amazon.com/gp/product/B00BI9X7UC/ref=as_li_ss_il?ie=UTF8&camp=1789&creative=390957&creativeASIN=B00BI9X7UC&linkCode=as2&tag=michalography-20"><img border="0" src="http://ws-na.amazon-adsystem.com/widgets/q?_encoding=UTF8&ASIN=B00BI9X7UC&Format=_SL110_&ID=AsinImage&MarketPlace=US&ServiceVersion=20070822&WS=1&tag=michalography-20"/></a><img src="http://ir-na.amazon-adsystem.com/e/ir?t=michalography-20&l=as2&o=1&a=B00BI9X7UC" width="1" height="1" border="0" alt="" style="border:none !important; margin:0px !important;" />'
'368','Nikon','NIKON D40','APSC',\N,\N
'369','Nikon','NIKON D40X','APSC',\N,\N
'370','Nikon','NIKON D50','APSC',\N,\N
'371','Nikon','NIKON D60','APSC',\N,\N
'372','Nikon','NIKON D70','APSC',\N,\N
'373','Nikon','NIKON D70s','APSC',\N,\N
'375','Nikon','NIKON D80','APSC',\N,\N
'376','Nikon','NIKON D90','APSC','Nikon D90','<a target="_blank" href="http://www.amazon.com/gp/product/B001ET5U92/ref=as_li_ss_il?ie=UTF8&camp=1789&creative=390957&creativeASIN=B001ET5U92&linkCode=as2&tag=michalography-20"><img border="0" src="http://ws-na.amazon-adsystem.com/widgets/q?_encoding=UTF8&ASIN=B001ET5U92&Format=_SL110_&ID=AsinImage&MarketPlace=US&ServiceVersion=20070822&WS=1&tag=michalography-20"/></a><img src="http://ir-na.amazon-adsystem.com/e/ir?t=michalography-20&l=as2&o=1&a=B001ET5U92" width="1" height="1" border="0" alt="" style="border:none !important; margin:0px !important;" />'
'377','Nikon','NIKON D300S','APSC','Nikon D300S',\N
'378','Nikon','NIKON D300','APSC',\N,\N
'379','Nikon','NIKON D200','APSC',\N,\N
'380','Nikon','NIKON D100','APSC',\N,\N
'381','Nikon','NIKON 1 V1','OneInch',\N,\N
'382','Nikon','NIKON 1 V2','OneInch',\N,\N
'383','Nikon','NIKON 1 J1','OneInch',\N,\N
'384','Nikon','NIKON 1 J2','OneInch',\N,\N
'386','Nikon','NIKON 1 S1','OneInch',\N,\N
'387','Nikon','COOLPIX S550','Compact',\N,\N
'388','Nikon','COOLPIX S31','Compact',\N,\N
'389','Nikon','COOLPIX L110','Compact',\N,\N
'390','Nikon','COOLPIX L120','Compact',\N,\N
'391','Nikon','COOLPIX L810','Compact',\N,\N
'392','Nikon','COOLPIX P100','Compact',\N,\N
'393','Nikon','COOLPIX P300','Compact',\N,\N
'394','Nikon','COOLPIX P310','Compact',\N,\N
'395','Nikon','COOLPIX P500','Compact',\N,\N
'396','Nikon','COOLPIX P510','Compact',\N,\N
'397','Nikon','COOLPIX P520','Compact',\N,\N
'398','Nikon','COOLPIX AW100','Compact',\N,\N
'399','Nikon','COOLPIX S3000','Compact',\N,\N
'400','Nikon','COOLPIX S3100','Compact',\N,\N
'401','Nikon','COOLPIX S3300','Compact',\N,\N
'402','Nikon','COOLPIX S9100','Compact',\N,\N
'403','Nikon','COOLPIX P7000','Compact',\N,\N
'404','Sony','DSC-RX1','FullFrame','Sony RX1','<a target="_blank" href="http://www.amazon.com/gp/product/B0097CXFCC/ref=as_li_ss_il?ie=UTF8&camp=1789&creative=390957&creativeASIN=B0097CXFCC&linkCode=as2&tag=michalography-20"><img border="0" src="http://ws-na.amazon-adsystem.com/widgets/q?_encoding=UTF8&ASIN=B0097CXFCC&Format=_SL110_&ID=AsinImage&MarketPlace=US&ServiceVersion=20070822&WS=1&tag=michalography-20"/></a><img src="http://ir-na.amazon-adsystem.com/e/ir?t=michalography-20&l=as2&o=1&a=B0097CXFCC" width="1" height="1" border="0" alt="" style="border:none !important; margin:0px !important;" />'
'405','Sony','DSC-RX1R','FullFrame','Sony RX1R',\N
'406','Sony','SLT-A99V','FullFrame',\N,\N
'407','Sony','DSLR-A900','FullFrame',\N,\N
'408','Sony','DSLR-A850','FullFrame',\N,\N
'409','Sony','DSLR-A100','APSC',\N,\N
'410','Sony','DSLR-A200','APSC',\N,\N
'411','Sony','DSLR-A230','APSC',\N,\N
'412','Sony','DSLR-A290','APSC',\N,\N
'413','Sony','DSLR-A300','APSC',\N,\N
'414','SONY','DSLR-A380','APSC',\N,\N
'415','Sony','DSLR-A390','APSC',\N,\N
'416','Sony','DSLR-A450','APSC',\N,\N
'417','Sony','DSLR-A700','APSC',\N,\N
'418','Sony','DSLR-A500','APSC',\N,\N
'419','Sony','DSLR-A580','APSC',\N,\N
'420','Sony','SLT-A55V','APSC',\N,\N
'421','Sony','SLT-A77V','APSC',\N,\N
'422','Sony','SLT-A65V','APSC',\N,\N
'423','Sony','SLT-A37','APSC',\N,\N
'424','Sony','SLT-A57','APSC',\N,\N
'425','Sony','NEX-7','APSC','Sony NEX-7','<a target="_blank" href="http://www.amazon.com/gp/product/B005IKZU8O/ref=as_li_ss_il?ie=UTF8&camp=1789&creative=390957&creativeASIN=B005IKZU8O&linkCode=as2&tag=michalography-20"><img border="0" src="http://ws-na.amazon-adsystem.com/widgets/q?_encoding=UTF8&ASIN=B005IKZU8O&Format=_SL110_&ID=AsinImage&MarketPlace=US&ServiceVersion=20070822&WS=1&tag=michalography-20"/></a><img src="http://ir-na.amazon-adsystem.com/e/ir?t=michalography-20&l=as2&o=1&a=B005IKZU8O" width="1" height="1" border="0" alt="" style="border:none !important; margin:0px !important;" />'
'426','Sony','NEX-6','APSC','Sony NEX-6','<a target="_blank" href="http://www.amazon.com/gp/product/B0096W1OKS/ref=as_li_ss_il?ie=UTF8&camp=1789&creative=390957&creativeASIN=B0096W1OKS&linkCode=as2&tag=michalography-20"><img border="0" src="http://ws-na.amazon-adsystem.com/widgets/q?_encoding=UTF8&ASIN=B0096W1OKS&Format=_SL110_&ID=AsinImage&MarketPlace=US&ServiceVersion=20070822&WS=1&tag=michalography-20"/></a><img src="http://ir-na.amazon-adsystem.com/e/ir?t=michalography-20&l=as2&o=1&a=B0096W1OKS" width="1" height="1" border="0" alt="" style="border:none !important; margin:0px !important;" />'
'427','Sony','NEX-5','APSC',\N,\N
'428','Sony','NEX-5N','APSC','Sony NEX-5N','<a target="_blank" href="http://www.amazon.com/gp/product/B005IHAIJ8/ref=as_li_ss_il?ie=UTF8&camp=1789&creative=390957&creativeASIN=B005IHAIJ8&linkCode=as2&tag=michalography-20"><img border="0" src="http://ws-na.amazon-adsystem.com/widgets/q?_encoding=UTF8&ASIN=B005IHAIJ8&Format=_SL110_&ID=AsinImage&MarketPlace=US&ServiceVersion=20070822&WS=1&tag=michalography-20"/></a><img src="http://ir-na.amazon-adsystem.com/e/ir?t=michalography-20&l=as2&o=1&a=B005IHAIJ8" width="1" height="1" border="0" alt="" style="border:none !important; margin:0px !important;" />'
'429','Sony','NEX-5R','APSC','Sony NEX-5R','<a target="_blank" href="http://www.amazon.com/gp/product/B0090QXG92/ref=as_li_ss_il?ie=UTF8&camp=1789&creative=390957&creativeASIN=B0090QXG92&linkCode=as2&tag=michalography-20"><img border="0" src="http://ws-na.amazon-adsystem.com/widgets/q?_encoding=UTF8&ASIN=B0090QXG92&Format=_SL110_&ID=AsinImage&MarketPlace=US&ServiceVersion=20070822&WS=1&tag=michalography-20"/></a><img src="http://ir-na.amazon-adsystem.com/e/ir?t=michalography-20&l=as2&o=1&a=B0090QXG92" width="1" height="1" border="0" alt="" style="border:none !important; margin:0px !important;" />'
'430','Sony','NEX-F3','APSC',\N,\N
'431','Sony','NEX-3','APSC','Sony NEX-3','<a target="_blank" href="http://www.amazon.com/gp/product/B00BF9MUBM/ref=as_li_ss_il?ie=UTF8&camp=1789&creative=390957&creativeASIN=B00BF9MUBM&linkCode=as2&tag=michalography-20"><img border="0" src="http://ws-na.amazon-adsystem.com/widgets/q?_encoding=UTF8&ASIN=B00BF9MUBM&Format=_SL110_&ID=AsinImage&MarketPlace=US&ServiceVersion=20070822&WS=1&tag=michalography-20"/></a><img src="http://ir-na.amazon-adsystem.com/e/ir?t=michalography-20&l=as2&o=1&a=B00BF9MUBM" width="1" height="1" border="0" alt="" style="border:none !important; margin:0px !important;" />'
'432','Sony','DSC-RX100','OneInch','Sony RX100','<a target="_blank" href="http://www.amazon.com/gp/product/B00889ST2G/ref=as_li_ss_il?ie=UTF8&camp=1789&creative=390957&creativeASIN=B00889ST2G&linkCode=as2&tag=michalography-20"><img border="0" src="http://ws-na.amazon-adsystem.com/widgets/q?_encoding=UTF8&ASIN=B00889ST2G&Format=_SL110_&ID=AsinImage&MarketPlace=US&ServiceVersion=20070822&WS=1&tag=michalography-20"/></a><img src="http://ir-na.amazon-adsystem.com/e/ir?t=michalography-20&l=as2&o=1&a=B00889ST2G" width="1" height="1" border="0" alt="" style="border:none !important; margin:0px !important;" />'
'433','Sony','DSC-W55','Compact',\N,\N
'434','Sony','DSC-W630','Compact',\N,\N
'435','Sony','DSC-HX100V','Compact',\N,\N
'436','Sony','DSC-F828','Compact',\N,\N
'437','Sony','DSC-H5','Compact',\N,\N
'438','Sony','DSC-W210','Compact',\N,\N
'439','Sony','DSC-TX7','Compact',\N,\N
'440','Pentax','PENTAX K-x','APSC',\N,\N
'441','Pentax','PENTAX K-5','APSC',\N,\N
'442','Pentax','PENTAX K-5 II s','APSC','Pentax K-5 II s','<a target="_blank" href="http://www.amazon.com/gp/product/B009JPEISW/ref=as_li_ss_il?ie=UTF8&camp=1789&creative=390957&creativeASIN=B009JPEISW&linkCode=as2&tag=michalography-20"><img border="0" src="http://ws-na.amazon-adsystem.com/widgets/q?_encoding=UTF8&ASIN=B009JPEISW&Format=_SL110_&ID=AsinImage&MarketPlace=US&ServiceVersion=20070822&WS=1&tag=michalography-20"/></a><img src="http://ir-na.amazon-adsystem.com/e/ir?t=michalography-20&l=as2&o=1&a=B009JPEISW" width="1" height="1" border="0" alt="" style="border:none !important; margin:0px !important;" />'
'443','Pentax','PENTAX K-5 II','APSC','Pentax K-5 II','<a target="_blank" href="http://www.amazon.com/gp/product/B0099J8A2S/ref=as_li_ss_il?ie=UTF8&camp=1789&creative=390957&creativeASIN=B0099J8A2S&linkCode=as2&tag=michalography-20"><img border="0" src="http://ws-na.amazon-adsystem.com/widgets/q?_encoding=UTF8&ASIN=B0099J8A2S&Format=_SL110_&ID=AsinImage&MarketPlace=US&ServiceVersion=20070822&WS=1&tag=michalography-20"/></a><img src="http://ir-na.amazon-adsystem.com/e/ir?t=michalography-20&l=as2&o=1&a=B0099J8A2S" width="1" height="1" border="0" alt="" style="border:none !important; margin:0px !important;" />'
'444','Pentax','PENTAX K-7','APSC',\N,\N
'445','Pentax','PENTAX K-01','APSC',\N,\N
'446','Pentax','PENTAX K-30','APSC','Pentax K-30','<a target="_blank" href="http://www.amazon.com/gp/product/B0082OJ2VE/ref=as_li_ss_il?ie=UTF8&camp=1789&creative=390957&creativeASIN=B0082OJ2VE&linkCode=as2&tag=michalography-20"><img border="0" src="http://ws-na.amazon-adsystem.com/widgets/q?_encoding=UTF8&ASIN=B0082OJ2VE&Format=_SL110_&ID=AsinImage&MarketPlace=US&ServiceVersion=20070822&WS=1&tag=michalography-20"/></a><img src="http://ir-na.amazon-adsystem.com/e/ir?t=michalography-20&l=as2&o=1&a=B0082OJ2VE" width="1" height="1" border="0" alt="" style="border:none !important; margin:0px !important;" />'
'447','Pentax','PENTAX K20D','APSC',\N,\N
'448','Pentax','PENTAX K-r','APSC',\N,\N
'449','Pentax','PENTAX K100D Super','APSC',\N,\N
'450','Panasonic','DMC-GH3','FourThirds','Panasonic Lumix GH3','<a target="_blank" href="http://www.amazon.com/gp/product/B009B0WREM/ref=as_li_ss_il?ie=UTF8&camp=1789&creative=390957&creativeASIN=B009B0WREM&linkCode=as2&tag=michalography-20"><img border="0" src="http://ws-na.amazon-adsystem.com/widgets/q?_encoding=UTF8&ASIN=B009B0WREM&Format=_SL110_&ID=AsinImage&MarketPlace=US&ServiceVersion=20070822&WS=1&tag=michalography-20"/></a><img src="http://ir-na.amazon-adsystem.com/e/ir?t=michalography-20&l=as2&o=1&a=B009B0WREM" width="1" height="1" border="0" alt="" style="border:none !important; margin:0px !important;" />'
'451','Panasonic','DMC-GH2','FourThirds',\N,\N
'452','Panasonic','DMC-GX7','FourThirds','Panasonic Lumix GX7','<a target="_blank" href="http://www.amazon.com/gp/product/B00E87OK84/ref=as_li_ss_il?ie=UTF8&camp=1789&creative=390957&creativeASIN=B00E87OK84&linkCode=as2&tag=michalography-20"><img border="0" src="http://ws-na.amazon-adsystem.com/widgets/q?_encoding=UTF8&ASIN=B00E87OK84&Format=_SL110_&ID=AsinImage&MarketPlace=US&ServiceVersion=20070822&WS=1&tag=michalography-20"/></a><img src="http://ir-na.amazon-adsystem.com/e/ir?t=michalography-20&l=as2&o=1&a=B00E87OK84" width="1" height="1" border="0" alt="" style="border:none !important; margin:0px !important;" />'
'453','Panasonic','DMC-GX1','FourThirds',\N,\N
'454','Panasonic','DMC-GF3','FourThirds',\N,\N
'455','Panasonic','DMC-GF2','FourThirds',\N,\N
'456','Panasonic','DMC-GF1','FourThirds',\N,\N
'457','Panasonic','DMC-G1','FourThirds',\N,\N
'458','Panasonic','DMC-G2','FourThirds',\N,\N
'459','Panasonic','DMC-G3','FourThirds',\N,\N
'460','Panasonic','DMC-G5','FourThirds','Panasonic Lumix G5','<a target="_blank" href="http://www.amazon.com/gp/product/B008MB71IS/ref=as_li_ss_il?ie=UTF8&camp=1789&creative=390957&creativeASIN=B008MB71IS&linkCode=as2&tag=michalography-20"><img border="0" src="http://ws-na.amazon-adsystem.com/widgets/q?_encoding=UTF8&ASIN=B008MB71IS&Format=_SL110_&ID=AsinImage&MarketPlace=US&ServiceVersion=20070822&WS=1&tag=michalography-20"/></a><img src="http://ir-na.amazon-adsystem.com/e/ir?t=michalography-20&l=as2&o=1&a=B008MB71IS" width="1" height="1" border="0" alt="" style="border:none !important; margin:0px !important;" />'
'461','Panasonic','DMC-G6','FourThirds','Panasonic Lumix G6','<a target="_blank" href="http://www.amazon.com/gp/product/B00CFCTDD6/ref=as_li_ss_il?ie=UTF8&camp=1789&creative=390957&creativeASIN=B00CFCTDD6&linkCode=as2&tag=michalography-20"><img border="0" src="http://ws-na.amazon-adsystem.com/widgets/q?_encoding=UTF8&ASIN=B00CFCTDD6&Format=_SL110_&ID=AsinImage&MarketPlace=US&ServiceVersion=20070822&WS=1&tag=michalography-20"/></a><img src="http://ir-na.amazon-adsystem.com/e/ir?t=michalography-20&l=as2&o=1&a=B00CFCTDD6" width="1" height="1" border="0" alt="" style="border:none !important; margin:0px !important;" />'
'462','Panasonic','DMC-FZ150','Compact',\N,\N
'463','Panasonic','DMC-FT1','Compact',\N,\N
'464','Panasonic','DMC-TZ5','Compact',\N,\N
'465','Panasonic','DMC-LX3','Compact',\N,\N
'466','Panasonic','DMC-LX5','Compact',\N,\N
'467','Panasonic','DMC-LX7','Compact','Panasonic Lumix LX7','<a target="_blank" href="http://www.amazon.com/gp/product/B008MB719C/ref=as_li_ss_il?ie=UTF8&camp=1789&creative=390957&creativeASIN=B008MB719C&linkCode=as2&tag=michalography-20"><img border="0" src="http://ws-na.amazon-adsystem.com/widgets/q?_encoding=UTF8&ASIN=B008MB719C&Format=_SL110_&ID=AsinImage&MarketPlace=US&ServiceVersion=20070822&WS=1&tag=michalography-20"/></a><img src="http://ir-na.amazon-adsystem.com/e/ir?t=michalography-20&l=as2&o=1&a=B008MB719C" width="1" height="1" border="0" alt="" style="border:none !important; margin:0px !important;" />'
'468','Panasonic','DMC-FZ35','Compact',\N,\N
'469','Panasonic','DMC-ZS3','Compact',\N,\N
'470','Panasonic','DMC-TZ7','Compact',\N,\N
'471','Panasonic','DMC-TZ8','Compact',\N,\N
'472','Panasonic','DMC-FZ45','Compact',\N,\N
'473','Panasonic','DMC-FZ200','Compact',\N,\N
'474','Panasonic','DMC-TZ30','Compact',\N,\N
'475','Panasonic','DMC-LZ2','Compact',\N,\N
'476','Panasonic','DMC-FZ18','Compact',\N,\N
'477','Panasonic','DMC-FZ50','Compact',\N,\N
'478','Panasonic','DMC-ZS20','Compact',\N,\N
'479','Panasonic','DMC-FZ100','Compact',\N,\N
'480','Panasonic','DMC-FZ40','Compact',\N,\N
'481','Panasonic','DMC-TZ18','Compact',\N,\N
'482','Panasonic','DMC-TS4','Compact',\N,\N
'483','Panasonic','DMC-TZ35','Compact',\N,\N
'484','Panasonic','DMC-FS5','Compact',\N,\N
'485','Panasonic','DMC-TZ20','Compact',\N,\N
'486','Panasonic','DMC-ZS15','Compact',\N,\N
'487','Fujifilm','X-Pro1','APSC','Fujifilm X-Pro 1','<a target="_blank" href="http://www.amazon.com/gp/product/B006UV6YMQ/ref=as_li_ss_il?ie=UTF8&camp=1789&creative=390957&creativeASIN=B006UV6YMQ&linkCode=as2&tag=michalography-20"><img border="0" src="http://ws-na.amazon-adsystem.com/widgets/q?_encoding=UTF8&ASIN=B006UV6YMQ&Format=_SL110_&ID=AsinImage&MarketPlace=US&ServiceVersion=20070822&WS=1&tag=michalography-20"/></a><img src="http://ir-na.amazon-adsystem.com/e/ir?t=michalography-20&l=as2&o=1&a=B006UV6YMQ" width="1" height="1" border="0" alt="" style="border:none !important; margin:0px !important;" />'
'488','Fujifilm','X100S','APSC','Fujifilm X100S','<a target="_blank" href="http://www.amazon.com/gp/product/B00ATM1MVA/ref=as_li_ss_il?ie=UTF8&camp=1789&creative=390957&creativeASIN=B00ATM1MVA&linkCode=as2&tag=michalography-20"><img border="0" src="http://ws-na.amazon-adsystem.com/widgets/q?_encoding=UTF8&ASIN=B00ATM1MVA&Format=_SL110_&ID=AsinImage&MarketPlace=US&ServiceVersion=20070822&WS=1&tag=michalography-20"/></a><img src="http://ir-na.amazon-adsystem.com/e/ir?t=michalography-20&l=as2&o=1&a=B00ATM1MVA" width="1" height="1" border="0" alt="" style="border:none !important; margin:0px !important;" />'
'489','Fujifilm','FinePix X100','APSC','Fujifilm X100','<a target="_blank" href="http://www.amazon.com/gp/product/B006UL2VKK/ref=as_li_ss_il?ie=UTF8&camp=1789&creative=390957&creativeASIN=B006UL2VKK&linkCode=as2&tag=michalography-20"><img border="0" src="http://ws-na.amazon-adsystem.com/widgets/q?_encoding=UTF8&ASIN=B006UL2VKK&Format=_SL110_&ID=AsinImage&MarketPlace=US&ServiceVersion=20070822&WS=1&tag=michalography-20"/></a><img src="http://ir-na.amazon-adsystem.com/e/ir?t=michalography-20&l=as2&o=1&a=B006UL2VKK" width="1" height="1" border="0" alt="" style="border:none !important; margin:0px !important;" />'
'490','Fujifilm','X-E1','APSC','Fujifilm X-E1','<a target="_blank" href="http://www.amazon.com/gp/product/B0092MD5ZE/ref=as_li_ss_il?ie=UTF8&camp=1789&creative=390957&creativeASIN=B0092MD5ZE&linkCode=as2&tag=michalography-20"><img border="0" src="http://ws-na.amazon-adsystem.com/widgets/q?_encoding=UTF8&ASIN=B0092MD5ZE&Format=_SL110_&ID=AsinImage&MarketPlace=US&ServiceVersion=20070822&WS=1&tag=michalography-20"/></a><img src="http://ir-na.amazon-adsystem.com/e/ir?t=michalography-20&l=as2&o=1&a=B0092MD5ZE" width="1" height="1" border="0" alt="" style="border:none !important; margin:0px !important;" />'
'491','Fujifilm','X-S1','APSC','Fujifilm X-S1',\N
'492','Fujifilm','X10','Compact',\N,\N
'493','Fujifilm','X20','Compact','Fujifilm X20','<a target="_blank" href="http://www.amazon.com/gp/product/B00AV3XH9W/ref=as_li_ss_il?ie=UTF8&camp=1789&creative=390957&creativeASIN=B00AV3XH9W&linkCode=as2&tag=michalography-20"><img border="0" src="http://ws-na.amazon-adsystem.com/widgets/q?_encoding=UTF8&ASIN=B00AV3XH9W&Format=_SL110_&ID=AsinImage&MarketPlace=US&ServiceVersion=20070822&WS=1&tag=michalography-20"/></a><img src="http://ir-na.amazon-adsystem.com/e/ir?t=michalography-20&l=as2&o=1&a=B00AV3XH9W" width="1" height="1" border="0" alt="" style="border:none !important; margin:0px !important;" />'
'494','Fujifilm','FinePix HS50EXR','Compact',\N,\N
'495','Fujifilm','FinePix HS10 HS11','Compact',\N,\N
'496','Fujifilm','FinePix HS20EXR','Compact',\N,\N
'497','Fujifilm','FinePix S5800 S800','Compact',\N,\N
'498','Fujifilm','FinePix S4000','Compact',\N,\N
'499','Fujifilm','FinePix S1600','Compact',\N,\N
'500','Fujifilm','FinePix S5600','Compact',\N,\N
'501','Leica','M Monochrom','FullFrame','Leica M Monochrom','<a target="_blank" href="http://www.amazon.com/gp/product/B0082ES6HA/ref=as_li_ss_il?ie=UTF8&camp=1789&creative=390957&creativeASIN=B0082ES6HA&linkCode=as2&tag=michalography-20"><img border="0" src="http://ws-na.amazon-adsystem.com/widgets/q?_encoding=UTF8&ASIN=B0082ES6HA&Format=_SL110_&ID=AsinImage&MarketPlace=US&ServiceVersion=20070822&WS=1&tag=michalography-20"/></a><img src="http://ir-na.amazon-adsystem.com/e/ir?t=michalography-20&l=as2&o=1&a=B0082ES6HA" width="1" height="1" border="0" alt="" style="border:none !important; margin:0px !important;" />'
'502','Leica','M9 Digital Camera','FullFrame',\N,\N
'503','Leica','LEICA X1','APSC',\N,\N
'504','Leica','LEICA X2','APSC',\N,\N
'505','Leica','DIGILUX 2','Compact',\N,\N
'506','Leica','D-LUX 6','Compact','Leica D-LUX 6','<a target="_blank" href="http://www.amazon.com/gp/product/B009E3VFDA/ref=as_li_ss_il?ie=UTF8&camp=1789&creative=390957&creativeASIN=B009E3VFDA&linkCode=as2&tag=michalography-20"><img border="0" src="http://ws-na.amazon-adsystem.com/widgets/q?_encoding=UTF8&ASIN=B009E3VFDA&Format=_SL110_&ID=AsinImage&MarketPlace=US&ServiceVersion=20070822&WS=1&tag=michalography-20"/></a><img src="http://ir-na.amazon-adsystem.com/e/ir?t=michalography-20&l=as2&o=1&a=B009E3VFDA" width="1" height="1" border="0" alt="" style="border:none !important; margin:0px !important;" />'
'507','Leica','D-LUX 5','Compact',\N,\N
'508','Leica','D-LUX2','Compact',\N,\N
'509','Apple','iPhone 5','CameraPhone',\N,\N
'510','Apple','iPhone 5S','CameraPhone',\N,\N
'511','Apple','iPhone 5C','CameraPhone',\N,\N
'512','Apple','iPhone 4','CameraPhone',\N,\N
'513','Apple','iPhone 4S','CameraPhone',\N,\N
'514','Apple','iPhone 3G','CameraPhone',\N,\N
'515','Apple','iPhone 3GS','CameraPhone',\N,\N
'516','Apple','iPhone','CameraPhone',\N,\N
'517','Apple','iPad','CameraPhone',\N,\N
'518','Apple','iPad 2','CameraPhone',\N,\N
'519','Apple','iPad mini','CameraPhone',\N,\N
'520','Apple','iPod touch','CameraPhone',\N,\N
'521','Nokia','Lumia 1020','CameraPhone',\N,\N
'522','Samsung','NX1000','APSC',\N,\N
'523','Samsung','NX10','APSC',\N,\N
'524','Olympus','E-P1','FourThirds',\N,\N
'525','Olympus','E-P2','FourThirds',\N,\N
'526','Olympus','E-P3','FourThirds',\N,\N
'527','Olympus','E-P5','FourThirds','Olympus E-P5','<a target="_blank" href="http://www.amazon.com/gp/product/B00CI3R71W/ref=as_li_ss_il?ie=UTF8&camp=1789&creative=390957&creativeASIN=B00CI3R71W&linkCode=as2&tag=michalography-20"><img border="0" src="http://ws-na.amazon-adsystem.com/widgets/q?_encoding=UTF8&ASIN=B00CI3R71W&Format=_SL110_&ID=AsinImage&MarketPlace=US&ServiceVersion=20070822&WS=1&tag=michalography-20"/></a><img src="http://ir-na.amazon-adsystem.com/e/ir?t=michalography-20&l=as2&o=1&a=B00CI3R71W" width="1" height="1" border="0" alt="" style="border:none !important; margin:0px !important;" />'
'528','Olympus','E-PM1','FourThirds','Olympus E-PM1','<a target="_blank" href="http://www.amazon.com/gp/product/B005JRIJWA/ref=as_li_ss_il?ie=UTF8&camp=1789&creative=390957&creativeASIN=B005JRIJWA&linkCode=as2&tag=michalography-20"><img border="0" src="http://ws-na.amazon-adsystem.com/widgets/q?_encoding=UTF8&ASIN=B005JRIJWA&Format=_SL110_&ID=AsinImage&MarketPlace=US&ServiceVersion=20070822&WS=1&tag=michalography-20"/></a><img src="http://ir-na.amazon-adsystem.com/e/ir?t=michalography-20&l=as2&o=1&a=B005JRIJWA" width="1" height="1" border="0" alt="" style="border:none !important; margin:0px !important;" />'
'529','Olympus','E-PM2','FourThirds','Olympus E-PM2','<a target="_blank" href="http://www.amazon.com/gp/product/B0096WDAIM/ref=as_li_ss_il?ie=UTF8&camp=1789&creative=390957&creativeASIN=B0096WDAIM&linkCode=as2&tag=michalography-20"><img border="0" src="http://ws-na.amazon-adsystem.com/widgets/q?_encoding=UTF8&ASIN=B0096WDAIM&Format=_SL110_&ID=AsinImage&MarketPlace=US&ServiceVersion=20070822&WS=1&tag=michalography-20"/></a><img src="http://ir-na.amazon-adsystem.com/e/ir?t=michalography-20&l=as2&o=1&a=B0096WDAIM" width="1" height="1" border="0" alt="" style="border:none !important; margin:0px !important;" />'
'530','Olympus','E-PL1','FourThirds',\N,\N
'531','Olympus','E-PL2','FourThirds',\N,\N
'532','Olympus','E-PL3','FourThirds',\N,\N
'533','Olympus','E-PL5','FourThirds','Olympus E-PL5','<a target="_blank" href="http://www.amazon.com/gp/product/B0096WDMGC/ref=as_li_ss_il?ie=UTF8&camp=1789&creative=390957&creativeASIN=B0096WDMGC&linkCode=as2&tag=michalography-20"><img border="0" src="http://ws-na.amazon-adsystem.com/widgets/q?_encoding=UTF8&ASIN=B0096WDMGC&Format=_SL110_&ID=AsinImage&MarketPlace=US&ServiceVersion=20070822&WS=1&tag=michalography-20"/></a><img src="http://ir-na.amazon-adsystem.com/e/ir?t=michalography-20&l=as2&o=1&a=B0096WDMGC" width="1" height="1" border="0" alt="" style="border:none !important; margin:0px !important;" />'
'534','Olympus','E-M1','FourThirds','Olympus OM-D E-M1','<a target="_blank" href="http://www.amazon.com/gp/product/B00EQ07PG2/ref=as_li_ss_il?ie=UTF8&camp=1789&creative=390957&creativeASIN=B00EQ07PG2&linkCode=as2&tag=michalography-20"><img border="0" src="http://ws-na.amazon-adsystem.com/widgets/q?_encoding=UTF8&ASIN=B00EQ07PG2&Format=_SL110_&ID=AsinImage&MarketPlace=US&ServiceVersion=20070822&WS=1&tag=michalography-20"/></a><img src="http://ir-na.amazon-adsystem.com/e/ir?t=michalography-20&l=as2&o=1&a=B00EQ07PG2" width="1" height="1" border="0" alt="" style="border:none !important; margin:0px !important;" />'
'535','Olympus','E-M5','FourThirds','Olympus OM-D E-M5','<a target="_blank" href="http://www.amazon.com/gp/product/B0074WDFOK/ref=as_li_ss_il?ie=UTF8&camp=1789&creative=390957&creativeASIN=B0074WDFOK&linkCode=as2&tag=michalography-20"><img border="0" src="http://ws-na.amazon-adsystem.com/widgets/q?_encoding=UTF8&ASIN=B0074WDFOK&Format=_SL110_&ID=AsinImage&MarketPlace=US&ServiceVersion=20070822&WS=1&tag=michalography-20"/></a><img src="http://ir-na.amazon-adsystem.com/e/ir?t=michalography-20&l=as2&o=1&a=B0074WDFOK" width="1" height="1" border="0" alt="" style="border:none !important; margin:0px !important;" />'
'536','Olympus','E-5','FourThirds',\N,\N
'537','Olympus','E-3','FourThirds',\N,\N
'538','Olympus','E-30','FourThirds',\N,\N
'539','Olympus','E-620','FourThirds',\N,\N
'540','Olympus','E-410','FourThirds',\N,\N
'541','Olympus','E-450','FourThirds',\N,\N
'542','Olympus','E-500','FourThirds',\N,\N
'543','Olympus','E-510','FourThirds',\N,\N
'544','Olympus','E-520','FourThirds',\N,\N
'545','Ricoh','GR DIGITAL 4','Compact',\N,\N
'546','HTC','HTC Wildfire','CameraPhone',\N,\N
'547','Sigma','SIGMA SD14','APSC',\N,\N
'548','Sigma','SIGMA DP3 Merrill','APSC',\N,\N
'549','Sigma','SIGMA DP2 Merrill','APSC',\N,\N
'550','Sigma','SIGMA DP1 Merrill','APSC',\N,\N
'770','Canon','Canon DIGITAL IXUS 980 IS','Compact',\N,\N
'771','Canon','Canon DIGITAL IXUS 100 IS','Compact',\N,\N
'772','Pentax','PENTAX K200D','APSC',\N,\N
'773','Olympus','SP590UZ','Compact',\N,\N
'774','Panasonic','DMC-ZS19','Compact',\N,\N
'775','Panasonic','DMC-ZS5','Compact',\N,\N
'776','Canon','Canon PowerShot SX110 IS','Compact',\N,\N
'777','Canon','Canon PowerShot A590 IS','Compact',\N,\N
'778','Sony','NEX-C3','APSC',\N,\N
'779','Canon','Canon EOS-1D C','FullFrame',\N,\N
'780','Sony','DSC-HX9V','Compact',\N,\N
'781','Leica','D-LUX 3','Compact',\N,\N
'782','Leica','V-LUX 3','Compact',\N,\N
'783','Ricoh','GR','APSC',\N,\N
'784','Nikon','COOLPIX L19','Compact',\N,\N
'786','Nikon','COOLPIX A','APSC',\N,\N
'787','Canon','Canon PowerShot SX100 IS','Compact',\N,\N
'788','Nikon','COOLPIX P7700','Compact',\N,\N
'789','Sony','DSC-RX100M2','OneInch',\N,\N
'790','Leica','LEICA M (Typ 240)','FullFrame',\N,\N
'791','Canon','Canon EOS Kiss X3','APSC',\N,\N
'792','Samsung','NX20','APSC',\N,\N
'793','Sony','DSLR-A330','APSC',\N,\N
'794','Canon','Canon PowerShot A460','Compact',\N,\N
'795','Canon','Canon IXUS 230 HS','Compact',\N,\N
'796','Canon','Canon PowerShot D20','Compact',\N,\N
'797','Pentax','PENTAX K10D','APSC',\N,\N
'798','Canon','Canon PowerShot ELPH 110 HS','Compact',\N,\N
'800','Panasonic','DMC-FZ38','Compact',\N,\N
'801','Panasonic','DMC-FZ47','Compact',\N,\N
'802','Fujifilm','FinePix S5Pro','APSC',\N,\N
'803','Sony','SLT-A35','APSC',\N,\N
'804','Canon','Canon DIGITAL IXUS 850 IS','Compact',\N,\N
'805','Canon','Canon DIGITAL IXUS 75','Compact',\N,\N
'806','Fujifilm','FinePix HS25EXR','Compact',\N,\N
'807','Panasonic','DMC-TZ31','Compact',\N,\N
'808','Panasonic','DMC-FZ8','Compact',\N,\N
'809','Panasonic','DMC-GF5','FourThirds',\N,\N
'811','Olympus','E-420','FourThirds',\N,\N
'812','Leica','M8 Digital Camera','APSH',\N,\N
'813','Canon','Canon PowerShot A630','Compact',\N,\N
'814','Canon','Canon PowerShot S80','Compact',\N,\N
'815','Canon','Canon PowerShot SX20 IS','Compact',\N,\N
'816','Canon','Canon PowerShot SD10','Compact',\N,\N
'817','Canon','Canon PowerShot A520','Compact',\N,\N
'818','Fujifilm','FinePix F200EXR','Compact',\N,\N
'819','Panasonic','DMC-FZ5','Compact',\N,\N
'820','Fujifilm','FinePix T550','Compact',\N,\N
'821','Canon','Canon PowerShot SX210 IS','Compact',\N,\N
'822','Canon','Canon PowerShot SX10 IS','Compact',\N,\N
'823','Canon','Canon PowerShot A3100 IS','Compact',\N,\N
'824','Canon','Canon PowerShot ELPH 300HS','Compact',\N,\N
'825','Nikon','COOLPIX P90','Compact',\N,\N
'826','Sony','DSLR-A350','APSC',\N,\N
'827','Nikon','COOLPIX P5000','Compact',\N,\N
'828','Canon','Canon PowerShot S5 IS','Compact',\N,\N
'829','Canon','Canon PowerShot ELPH 510 HS','Compact',\N,\N
'830','Ricoh','GR DIGITAL 3','Compact',\N,\N
'831','Canon','Canon PowerShot SX120 IS','Compact',\N,\N
'832','Canon','Canon PowerShot SX130 IS','Compact',\N,\N
'833','Nikon','COOLPIX S8100','Compact',\N,\N
'834','Canon','Canon PowerShot A4000 IS','Compact',\N,\N
'835','Canon','Canon EOS 350D','APSC',\N,\N
'836','Sigma','SIGMA SD1','APSC',\N,\N
'837','Nikon','NIKON D610','FullFrame','Nikon D610','<a href="http://www.amazon.com/gp/product/B00FOTF8M2/ref=as_li_ss_il?ie=UTF8&camp=1789&creative=390957&creativeASIN=B00FOTF8M2&linkCode=as2&tag=michalography-20"><img border="0" src="http://ws-na.amazon-adsystem.com/widgets/q?_encoding=UTF8&ASIN=B00FOTF8M2&Format=_SL110_&ID=AsinImage&MarketPlace=US&ServiceVersion=20070822&WS=1&tag=michalography-20"/></a><img src="http://ir-na.amazon-adsystem.com/e/ir?t=michalography-20&l=as2&o=1&a=B00FOTF8M2" width="1" height="1" border="0" alt="" style="border:none !important; margin:0px !important;"/>'
'838','Fujifilm','X-M1','APSC','Fuji X-M1','<a href="http://www.amazon.com/gp/product/B00DCM0E5Y/ref=as_li_ss_il?ie=UTF8&camp=1789&creative=390957&creativeASIN=B00DCM0E5Y&linkCode=as2&tag=michalography-20"><img border="0" src="http://ws-na.amazon-adsystem.com/widgets/q?_encoding=UTF8&ASIN=B00DCM0E5Y&Format=_SL110_&ID=AsinImage&MarketPlace=US&ServiceVersion=20070822&WS=1&tag=michalography-20"/></a><img src="http://ir-na.amazon-adsystem.com/e/ir?t=michalography-20&l=as2&o=1&a=B00DCM0E5Y" width="1" height="1" border="0" alt="" style="border:none !important; margin:0px !important;"/>'
'839','Fujifilm','X-E2','APSC','Fuji X-E2','<a href="http://www.amazon.com/gp/product/B00FPKDRVY/ref=as_li_ss_il?ie=UTF8&camp=1789&creative=390957&creativeASIN=B00FPKDRVY&linkCode=as2&tag=michalography-20"><img border="0" src="http://ws-na.amazon-adsystem.com/widgets/q?_encoding=UTF8&ASIN=B00FPKDRVY&Format=_SL110_&ID=AsinImage&MarketPlace=US&ServiceVersion=20070822&WS=1&tag=michalography-20"/></a><img src="http://ir-na.amazon-adsystem.com/e/ir?t=michalography-20&l=as2&o=1&a=B00FPKDRVY" width="1" height="1" border="0" alt="" style="border:none !important; margin:0px !important;"/>'
'840','Nikon','NIKON Df','FullFrame','Nikon Df','<a href="http://www.amazon.com/gp/product/B00GD1KCAI/ref=as_li_ss_il?ie=UTF8&camp=1789&creative=390957&creativeASIN=B00GD1KCAI&linkCode=as2&tag=michalography-20"><img border="0" src="http://ws-na.amazon-adsystem.com/widgets/q?_encoding=UTF8&ASIN=B00GD1KCAI&Format=_SL110_&ID=AsinImage&MarketPlace=US&ServiceVersion=20070822&WS=1&tag=michalography-20"/></a><img src="http://ir-na.amazon-adsystem.com/e/ir?t=michalography-20&l=as2&o=1&a=B00GD1KCAI" width="1" height="1" border="0" alt="" style="border:none !important; margin:0px !important;"/>'
'841','Canon','Canon EOS-1D X','FullFrame','Canon EOS-1DX','<a href="http://www.amazon.com/gp/product/B005Y3T1AI/ref=as_li_ss_il?ie=UTF8&camp=1789&creative=390957&creativeASIN=B005Y3T1AI&linkCode=as2&tag=michalography-20"><img border="0" src="http://ws-na.amazon-adsystem.com/widgets/q?_encoding=UTF8&ASIN=B005Y3T1AI&Format=_SL110_&ID=AsinImage&MarketPlace=US&ServiceVersion=20070822&WS=1&tag=michalography-20"/></a><img src="http://ir-na.amazon-adsystem.com/e/ir?t=michalography-20&l=as2&o=1&a=B005Y3T1AI" width="1" height="1" border="0" alt="" style="border:none !important; margin:0px !important;"/>'
'843','Sony','ICLE-7','FullFrame','Sony A7','<a href=\"http://www.amazon.com/gp/product/B00FRDUZXM/ref=as_li_tl?ie=UTF8&camp=1789&creative=390957&creativeASIN=B00FRDUZXM&linkCode=as2&tag=michalography-20&linkId=UXIUUB6LS3R4JZK5\"><img border=\"0\" src=\"http://ws-na.amazon-adsystem.com/widgets/q?_encoding=UTF8&ASIN=B00FRDUZXM&Format=_SL110_&ID=AsinImage&MarketPlace=US&ServiceVersion=20070822&WS=1&tag=michalography-20\" ></a><img src=\"http://ir-na.amazon-adsystem.com/e/ir?t=michalography-20&l=as2&o=1&a=B00FRDUZXM\" width=\"1\" height=\"1\" border=\"0\" alt=\"\" style=\"border:none !important; margin:0px !important;\" />'
'844','Sony','ICLE-7R','FullFrame','Sony A7R','<a href=\"http://www.amazon.com/gp/product/B00FRDUZUK/ref=as_li_tl?ie=UTF8&camp=1789&creative=390957&creativeASIN=B00FRDUZUK&linkCode=as2&tag=michalography-20&linkId=P7XYUMJRZQVENLXQ\"><img border=\"0\" src=\"http://ws-na.amazon-adsystem.com/widgets/q?_encoding=UTF8&ASIN=B00FRDUZUK&Format=_SL110_&ID=AsinImage&MarketPlace=US&ServiceVersion=20070822&WS=1&tag=michalography-20\" ></a><img src=\"http://ir-na.amazon-adsystem.com/e/ir?t=michalography-20&l=as2&o=1&a=B00FRDUZUK\" width=\"1\" height=\"1\" border=\"0\" alt=\"\" style=\"border:none !important; margin:0px !important;\" />'
'845','Sony','ICLE-6000','APSC','Sony A6000','<a href=\"http://www.amazon.com/gp/product/B00I8BICCG/ref=as_li_tl?ie=UTF8&camp=1789&creative=390957&creativeASIN=B00I8BICCG&linkCode=as2&tag=michalography-20&linkId=V25H6GTRPQZVQCAH\"><img border=\"0\" src=\"http://ws-na.amazon-adsystem.com/widgets/q?_encoding=UTF8&ASIN=B00I8BICCG&Format=_SL110_&ID=AsinImage&MarketPlace=US&ServiceVersion=20070822&WS=1&tag=michalography-20\" ></a><img src=\"http://ir-na.amazon-adsystem.com/e/ir?t=michalography-20&l=as2&o=1&a=B00I8BICCG\" width=\"1\" height=\"1\" border=\"0\" alt=\"\" style=\"border:none !important; margin:0px !important;\" />'
'846','Fujifilm','X-T1','APSC','Fuji X-T1','<a href=\"http://www.amazon.com/gp/product/B00HYAL88W/ref=as_li_tl?ie=UTF8&camp=1789&creative=390957&creativeASIN=B00HYAL88W&linkCode=as2&tag=michalography-20&linkId=DSIIJ76USZFMLU5Z\"><img border=\"0\" src=\"http://ws-na.amazon-adsystem.com/widgets/q?_encoding=UTF8&ASIN=B00HYAL88W&Format=_SL110_&ID=AsinImage&MarketPlace=US&ServiceVersion=20070822&WS=1&tag=michalography-20\" ></a><img src=\"http://ir-na.amazon-adsystem.com/e/ir?t=michalography-20&l=as2&o=1&a=B00HYAL88W\" width=\"1\" height=\"1\" border=\"0\" alt=\"\" style=\"border:none !important; margin:0px !important;\" />'
'847','Ricoh','PENTAX K-3','APSC','Pentax K-3','<a href=\"http://www.amazon.com/gp/product/B00FKLQ0LW/ref=as_li_tl?ie=UTF8&camp=1789&creative=390957&creativeASIN=B00FKLQ0LW&linkCode=as2&tag=michalography-20&linkId=KRELXDT7U2G7ZONR\"><img border=\"0\" src=\"http://ws-na.amazon-adsystem.com/widgets/q?_encoding=UTF8&ASIN=B00FKLQ0LW&Format=_SL110_&ID=AsinImage&MarketPlace=US&ServiceVersion=20070822&WS=1&tag=michalography-20\" ></a><img src=\"http://ir-na.amazon-adsystem.com/e/ir?t=michalography-20&l=as2&o=1&a=B00FKLQ0LW\" width=\"1\" height=\"1\" border=\"0\" alt=\"\" style=\"border:none !important; margin:0px !important;\" />'
'849','Nikon','NIKON D5300','APSC','Nikon D5300','<a href=\"http://www.amazon.com/gp/product/B00FXYT12G/ref=as_li_tl?ie=UTF8&camp=1789&creative=390957&creativeASIN=B00FXYT12G&linkCode=as2&tag=michalography-20&linkId=5CJHFQ6NR4JG7D7U\"><img border=\"0\" src=\"http://ws-na.amazon-adsystem.com/widgets/q?_encoding=UTF8&ASIN=B00FXYT12G&Format=_SL110_&ID=AsinImage&MarketPlace=US&ServiceVersion=20070822&WS=1&tag=michalography-20\" ></a><img src=\"http://ir-na.amazon-adsystem.com/e/ir?t=michalography-20&l=as2&o=1&a=B00FXYT12G\" width=\"1\" height=\"1\" border=\"0\" alt=\"\" style=\"border:none !important; margin:0px !important;\" />'
'851','Nikon','D7000','APSC','Nikon D7000','<a href=\"http://www.amazon.com/gp/product/B00BI9X7UC/ref=as_li_tl?ie=UTF8&camp=1789&creative=390957&creativeASIN=B00BI9X7UC&linkCode=as2&tag=michalography-20&linkId=IY66TBRCDTMGRCP2\"><img border=\"0\" src=\"http://ws-na.amazon-adsystem.com/widgets/q?_encoding=UTF8&ASIN=B00BI9X7UC&Format=_SL110_&ID=AsinImage&MarketPlace=US&ServiceVersion=20070822&WS=1&tag=michalography-20\" ></a><img src=\"http://ir-na.amazon-adsystem.com/e/ir?t=michalography-20&l=as2&o=1&a=B00BI9X7UC\" width=\"1\" height=\"1\" border=\"0\" alt=\"\" style=\"border:none !important; margin:0px !important;\" />'
